"co_mes","co_ano","exp_kg_liquido_total","exp_vlr_total","exp_kg_liquido_russia","exp_vlr_russia","exp_kg_liquido_ucrania","exp_vlr_ucrania","pet_kg_liquido_total","pet_vlr_total","pet_kg_liquido_russia","pet_vlr_russia","pet_kg_liquido_ucrania","pet_vlr_ucrania","fert_kg_liquido_total","fert_vlr_total","fert_kg_liquido_russia","fert_vlr_russia","fert_kg_liquido_ucrania","fert_vlr_ucrania"
1,1997,481607924,113565849,15725,18879,0,0,47030189,8483614,0,0,0,0,97152106,42226192,3675000,433125,0,0
1,1998,321993508,91092128,0,0,0,0,1182928142,246580921,0,0,0,0,504431433,112690482,117829262,16055567,81635095,11399015
1,1999,155485763,67426735,60000,21000,0,0,1487762374,165385548,0,0,0,0,456824161,108008274,68729129,9871089,33133773,4761353
1,2000,269878558,89474213,0,0,0,0,1322051349,267709173,0,0,0,0,717556110,117582758,201127141,24990783,81467041,6744188
1,2001,443775833,114024856,83076,121308,0,0,1783513142,406520124,0,0,0,0,629428239,131961299,243938635,32550093,10707694,1524843
1,2002,692748729,124076490,148000,110160,0,0,976730118,137824431,0,0,0,0,545236389,104048723,152125415,17055555,0,0
1,2003,554008232,118238788,612000,279240,0,0,932989800,203753146,10467350,2533570,100,161,621599423,114290402,156268786,19083951,55917467,6051112
1,2004,1153121621,236813142,409554,361454,88000,104950,688334846,168908508,0,0,0,0,1362689321,249669088,290889806,42219861,106296107,16025124
1,2005,765203280,185686690,634411,845808,242750,177420,609507121,191080213,0,0,0,0,956602274,244576483,180781794,33508104,99684200,20598175
1,2006,881560727,196192382,907307,820179,294221,335646,871030291,376523425,3449991,2740576,0,0,801871425,215929633,246442131,53727772,22330176,5192834
1,2007,1129426367,273296901,1562905,2587657,297205,485240,757978913,340079028,0,0,0,0,1189639197,309477182,440657523,97385179,76933153,18282341
1,2008,1073764258,446076528,1112914,3177458,411667,1159888,815489537,482820123,0,0,0,0,1587347998,656686447,341611228,124482226,183431810,66399678
1,2009,1857584759,504820713,2417618,2946136,124116,720346,885902420,320280149,0,0,0,0,323741759,297909320,103464949,27684369,11550000,7690771
1,2010,1533713951,476694109,1658382,2761922,201147,712810,1213742867,680592411,0,0,0,0,913033839,375524795,256027017,53642712,24086637,5662001
1,2011,1866437043,649687688,1049469,3659421,191136,391377,1287495898,782370262,30044492,24850328,0,0,1541117993,681201535,340483228,107597598,160755804,57736302
1,2012,1676437537,730187700,1835382,5132448,175886,715553,1397867925,1081119814,0,0,0,0,1358065304,801400050,272128809,123337634,63697504,30057728
1,2013,4320987928,1469763300,1568263,3302400,666648,2801912,2639589115,2333902511,0,0,0,0,1139704535,688749269,226090200,92995825,26743000,9928677
1,2014,3350526745,985635772,780229,1270801,470190,1781835,2458254079,1777109328,69085036,63995742,0,0,1468503143,659683763,254775636,82682410,0,0
1,2015,4241657743,1055592121,992185,2640855,192460,497924,1879888464,1191395868,0,0,0,0,1301514326,618329734,303873466,108135544,0,0
1,2016,4996304550,1036368674,2767486,3275730,478182,578653,519542851,140656604,0,0,0,0,1097648153,435050873,130882509,37422796,0,0
1,2017,2224634478,606363653,1543241,2561819,105265,272881,2383506608,992369274,0,0,0,0,2776143647,790947597,509595068,112008790,0,0
1,2018,3783329851,901819115,8925858,10491858,751581,1475678,2621872563,1425243202,113079275,64317807,0,0,1652833749,593546849,460150897,123842492,0,0
1,2019,4845345977,1098573998,7854072,9230038,790827,1287645,2066210114,1075346730,352731,300332,0,0,2285934449,865911402,605931250,186630874,0,0
1,2020,2732299251,724303765,2855800,3898079,651212,1534710,2352975742,1213195001,1913062,1080581,0,0,2041312511,706693654,428533586,111893408,0,0
1,2021,3354518894,921764340,4642014,6263498,1111354,1962055,2347517527,956202822,21982647,9904526,0,0,2785493833,837905390,715054151,174188647,0,0
1,2022,4024080144,1372114533,11935530,14953755,1535554,2397176,2262374649,1558284060,6378142,7025853,0,0,2357339386,1355297549,588992661,345211265,0,0
2,1997,349906348,102496322,10103040,1399570,0,0,892052427,235689437,0,0,0,0,150946852,64519757,6133448,1210077,0,0
2,1998,203613517,87483326,55696,96137,0,0,1022581653,166211983,0,0,0,0,295581925,93917241,40308352,4584064,26432667,5634007
2,1999,128322087,72441329,0,0,0,0,764450498,73437449,0,0,0,0,498369895,107190974,145732059,18264736,17229101,2041519
2,2000,322251233,97335286,0,0,0,0,1109016637,253790016,0,0,0,0,623502343,118113318,154514430,17238191,31982559,2605524
2,2001,710188718,139266298,15876,26250,0,0,1270580535,272263133,0,0,0,0,418730390,79939190,103127351,13862792,8213419,1014235
2,2002,824388890,147497109,267876,145259,0,0,1190998811,156237252,0,0,0,0,366281866,78929706,83394900,11480884,23791214,2619589
2,2003,404470571,93062625,436601,234194,206400,107712,983070964,195879309,839300,184411,0,0,707329845,119883900,125099219,15142796,58505646,6881596
2,2004,1390839694,250226750,428551,676371,193000,137520,488734645,119459985,4196500,1035000,0,0,1184907722,201920766,248153454,35366560,123989189,17358691
2,2005,882617038,179378443,295368,653246,40,110,511983786,161966056,0,0,0,0,676621139,186519545,150216642,29488448,32046691,7088407
2,2006,796599345,191031490,1220640,788790,102000,44570,716834996,278683336,0,0,0,0,591929405,177190967,261094388,55149215,15395465,2588155
2,2007,771111887,249422114,1750794,3238920,482800,571626,988028344,382318425,0,0,0,0,1031299655,276423514,256145351,59867634,37520545,8481945
2,2008,1094017154,436638450,1774715,5365721,277215,849470,1249141730,798325489,94380469,82016535,0,0,1278059054,592308437,342993189,126618378,108276727,42753679
2,2009,1364631829,388946172,3529368,4891728,470845,2788939,583116159,230902526,0,0,0,0,213736327,165780553,68379270,18935620,315000,287322
2,2010,1237963407,446521263,1613082,3797842,545890,1841557,1654210343,897938963,0,0,0,0,835620612,352399872,174661170,43850267,45703620,12231091
2,2011,2074015023,784214833,1541711,4501393,207086,951945,1298523301,882088546,0,0,0,0,1032931532,515969622,200216024,79425746,43487021,15771552
2,2012,1329245995,566216219,1744882,4124641,313635,1128812,1992013199,1517286009,0,0,0,0,796514119,535376647,133793071,72137792,0,0
2,2013,3211421613,1151653328,2478794,3731683,446516,2405372,1679244341,1374458958,0,0,0,0,1229559401,696175328,184791665,80040546,104744315,41473587
2,2014,1608482814,687814767,291948,569542,266737,1390442,2163787984,1792267103,0,0,0,0,1053016371,487486997,258654604,81633680,0,0
2,2015,2019179431,631421436,725940,1474780,238429,496658,2221123154,1226804334,4204160,2395554,0,0,1252825989,572162792,227357111,83933474,27499998,9079246
2,2016,5983565304,1227443246,2730386,3427561,250446,503098,2007306326,798072556,0,0,0,0,1543039272,534702556,175513517,50033609,0,0
2,2017,1300092264,448541040,2952848,4743604,273427,662412,2937199820,1309685314,144688689,60474186,0,0,2444265031,703715653,541758965,131952610,0,0
2,2018,1930124078,650413844,8434979,10927877,720462,1833630,2411566713,1219231306,39121862,25255561,0,0,1675448939,583863869,404824397,113073781,966000,259461
2,2019,2628948619,681165654,8358101,10314279,907170,1399400,2055865580,964702961,0,0,54,480,2681319708,958085933,498315050,159432869,1148,42524
2,2020,970631278,463467332,5562033,6798450,906472,1653433,1977620114,991638547,6131515,3063443,0,0,1872457846,572230535,416235452,101515194,0,0
2,2021,1407355948,570166483,6092913,8027193,1120151,1941607,1635454955,646980713,1613026,1245543,0,0,3050450305,893980216,861388549,221417852,0,0
3,1997,232974628,92264607,0,0,0,0,1158339511,260916926,0,0,0,0,198401392,77560176,21088512,3776300,450000,107100
3,1998,179142040,99542093,55345,97365,0,0,1779318240,262483529,0,0,0,0,373146393,118393545,32303883,3652327,38906627,6238003
3,1999,114945351,81924494,0,0,0,0,2000464066,200736867,0,0,0,0,398347897,97761030,125077068,17657181,2619214,299449
3,2000,314124773,90257762,27025,118439,0,0,1285988121,324048154,0,0,0,0,554454982,105910463,141603890,19391805,14799201,1592663
3,2001,615089412,134832128,444600,217826,0,0,1982466697,445445171,0,0,0,0,528850620,123927879,169546750,23001059,12420393,1505546
3,2002,591546154,121832699,215036,250007,0,0,1204920649,197989242,0,0,98360,21747,427143184,98444268,93666240,12198693,5354928,575598
3,2003,502635351,125082948,162270,91914,0,0,811427312,165898431,839300,184579,3908526,1182317,879449420,146524184,124321818,16145430,90872018,12013467
3,2004,1931473535,338372205,887285,1428830,84000,53760,918840135,198146891,0,0,0,0,1312810993,253877051,267299539,39767674,52042479,7253316
3,2005,1067788313,227771888,436401,538298,45815,21208,605909302,196978487,0,0,0,0,525368735,163384645,55301206,11801735,5360320,1157080
3,2006,843278065,243603861,1786209,979195,305472,333006,828160618,311401438,7330794,5920122,0,0,685850589,191807015,160450135,32167429,2603654,415812
3,2007,856474291,308429232,2151353,4071038,336039,731554,1122500710,418769591,0,0,0,0,1462160543,392699600,365922107,83950179,66365524,13522269
3,2008,1152157464,437943930,1369371,4501662,537759,1767430,1472323368,1144566118,182346680,174173985,0,0,723809825,382225283,191278808,76666700,45713211,17048969
3,2009,1380787775,410861841,4447923,5753337,290974,1759944,1254790794,396074954,0,0,0,0,273252573,161793573,64036060,16325076,19674259,3529371
3,2010,1376980135,487411318,2840885,7804973,580828,2524413,1877931796,1164772845,30907140,20775125,0,0,895417797,411764231,157469053,43841099,7289821,1350761
3,2011,1752092873,707663986,1935577,5494161,621551,2145240,1830433157,1221480955,31977065,27453504,0,0,1146412046,592042091,208152116,79339725,62077326,21358921
3,2012,1392853229,681291803,2112764,5681369,383165,1293298,1992622954,1764999348,0,0,0,0,1230884733,773097465,159712582,67452176,32652121,12736298
3,2013,2298429144,953169617,1142351,4012845,702831,3273278,1999910213,1448515734,0,0,0,0,1922797083,969177457,461938668,184277115,55569266,21427731
3,2014,1315175772,598141375,317873,741907,375359,1380994,1755867110,1348218561,0,0,0,0,1621424028,687609863,343570088,115101141,0,0
3,2015,1415994675,598733100,1681922,3314982,60883,146975,2551731696,1051391700,15096764,7774756,0,0,1176721422,582325868,315883375,115852773,0,0
3,2016,3033551313,797336960,2652949,3900736,516458,875051,2190597758,734929442,20160,15736,0,0,1998829540,690431599,248199302,65307719,0,0
3,2017,1050707593,487301984,4147314,6651629,256752,507259,2227099041,1049032204,32572146,16261308,0,0,2387408646,767609580,493611714,121112675,0,0
3,2018,1418820706,594002379,7134987,8398928,585196,2007906,2219072047,1190743287,37294751,23032576,0,0,1590000402,599291797,363170481,98976222,96600,25728
3,2019,1538809155,604607743,8680950,10241737,1099334,1669790,1920299212,954512633,0,0,0,0,1926872531,746751789,538136861,172981706,0,0
3,2020,2136383046,547651963,8626695,11686635,910324,1687037,1767304626,788908453,139530,110110,0,0,2642247927,797043428,492585626,127525087,0,0
3,2021,1056329987,565191741,9425264,11977817,1244303,2021820,1912454817,903532942,45641989,25905408,0,0,2980728807,945773325,604280818,154698120,0,0
4,1997,196173767,86137674,91976,168404,0,0,1586569015,326257365,0,0,0,0,579462825,139240426,76470192,12807603,9072900,1962389
4,1998,106301602,94267773,56328,99420,0,0,1765987896,240076525,0,0,0,0,318312318,97114328,37232111,4857096,6300000,538100
4,1999,90433265,66046328,15876,38500,0,0,1408321957,155900259,0,0,0,0,242613879,71307723,31385928,4451301,0,0
4,2000,174761227,98737224,0,0,0,0,1314459524,307190707,0,0,0,0,370531783,89665192,119011531,15347955,12538920,980341
4,2001,518732625,131452598,486218,357518,0,0,1538191942,301319226,0,0,0,0,370266077,93336299,112975432,15260193,1502614,176902
4,2002,362063691,105712634,350186,138078,144000,75420,1326310132,233496521,11645848,2105537,406647,80963,647056791,120196155,98687603,12929527,2100000,211378
4,2003,538730234,129052774,615478,412387,100000,62075,971794024,204405216,0,0,2320124,645667,680885018,126277922,147613375,18739455,59732653,8131918
4,2004,855144967,198700106,750749,1025494,24750,12026,518802406,120696348,36064449,9600075,0,0,535229990,134962714,114086822,17459619,14751820,2353900
4,2005,321877360,149523187,973609,1651768,272600,187496,644486288,184153179,0,0,0,0,610672554,171009294,155240216,28011208,13533385,3019636
4,2006,698995542,194712000,1467408,978552,212329,172004,928767848,406211363,0,0,0,0,621782185,174169988,144917013,32622195,5227186,899829
4,2007,1002401797,315504157,1454670,2828899,347411,622288,803103619,380257130,0,0,0,0,1013693829,289534619,219892853,53150931,25125891,6656933
4,2008,1159241845,450087359,1751567,5758241,284874,951522,1157600190,739105261,36931650,35090151,0,0,775103251,481855195,52010491,36613794,7626100,2020010
4,2009,937259545,370298358,2571500,8021214,620696,2234047,776818433,263888781,32946730,13999365,0,0,397806040,223570147,24488740,7051657,2400000,936194
4,2010,1064273429,410970827,3509776,6216058,498817,1794779,2060749028,1308604475,45411446,33067091,0,0,1180097360,523025793,147435209,49386537,64962665,17968373
4,2011,938696026,525494134,1560706,3591423,525249,1781034,2044798043,1625218199,59306270,53859825,0,0,1882217491,905211137,325317507,125123006,91056988,33943795
4,2012,927619620,539462546,1782997,6320825,334303,1906238,2316399466,2213850675,33327952,37406520,0,0,873505602,570512825,136975880,54468467,0,0
4,2013,1402274015,682466314,3056845,7293844,671446,2509484,2636512722,2271641495,0,0,0,0,2133561882,1070780070,327898965,135301830,18691554,7951987
4,2014,1200097082,593182238,657077,1483822,478224,1887394,1652230122,1312298546,0,0,0,0,1860143881,800068281,416428710,144248660,0,0
4,2015,1007282946,485794332,2254321,4988577,228917,662283,1841996845,779364614,96071689,53715116,0,0,1141122607,546056197,187936927,61453520,0,0
4,2016,1119955961,415583873,4317620,5692527,335213,701973,2052616816,704490782,0,0,0,0,1879952115,605447860,371238998,94665697,0,0
4,2017,759786954,396392093,4956605,7176051,309751,756601,2158905399,943709950,38482320,19678430,0,0,1759476769,561954996,230300548,58553374,0,0
4,2018,838833893,477591604,6687150,7770620,686619,1360003,2085416544,1095318181,100353,84189,0,0,1754875222,677524898,435332640,123717032,144000,37251
4,2019,939972614,469546464,6660507,8401795,1267618,1854870,2066808721,1122503811,24785781,14356073,0,0,1538727831,688029618,338067267,108689012,0,0
4,2020,655612207,449016154,11487915,13799190,946038,1733258,1883085487,606006489,39933,31337,0,0,2521347831,746278298,551505486,138551375,0,0
4,2021,762847421,532001180,13347153,16301016,2454874,3997977,2462346117,1215947196,1473814,1236445,0,0,1945166365,731287292,502394472,133374505,0,0
5,1997,141985599,81703436,22825,33330,0,0,853152315,185214434,0,0,0,0,303487222,90277162,53026113,9118953,3957501,837535
5,1998,152950190,89136000,16720,33127,0,0,1678424331,237176166,0,0,0,0,482512253,114559174,120033413,14633516,11619010,2265809
5,1999,234802629,81113989,0,0,0,0,2378444881,292288336,0,0,0,0,441838163,103226839,86827736,11005635,0,0
5,2000,271534073,97854411,15876,35000,0,0,1848147129,400777066,43779375,10955629,0,0,499274468,105192636,90091175,12823869,18750742,1984862
5,2001,997123986,177113592,554640,399781,0,0,1815650274,366502476,0,0,0,0,472057566,106219243,125440303,17311980,22701910,2553581
5,2002,337655944,102774268,664775,323917,0,0,1137962919,212739249,7560000,1491000,0,0,652782048,115872543,147891816,19545069,1050000,114063
5,2003,760739126,152281640,15876,24500,0,0,917553513,219328493,0,0,0,0,871527587,158984630,177372778,24619572,81251343,9780381
5,2004,661629812,175873426,863493,1761970,129750,79026,575850071,121041539,0,0,0,0,862428685,190972817,206497572,30198699,37443033,5003758
5,2005,486140033,186090775,1253735,2151958,272018,248724,959886105,343120547,0,0,0,0,868930175,233079335,118066350,23650704,1985441,304941
5,2006,682106701,226097340,1936422,1306981,55600,112716,686240543,269370277,0,0,0,0,346221208,129146554,62256624,13064073,0,0
5,2007,1221921007,360718068,1924113,4213070,357350,761923,927287549,506184172,0,0,0,0,1541786540,471387090,420181140,118208096,107379260,27072533
5,2008,1463599151,570654195,1300488,3793662,420429,1395049,1480430063,1162352165,224993405,264663043,0,0,2275514979,1210485594,480625084,215110684,35843417,13919130
5,2009,847075021,354663980,4977385,5884522,370654,2043303,1157994182,413025497,0,0,0,0,952183006,423649562,141538937,47649086,5500000,671544
5,2010,872838509,376826390,2331780,5129527,561428,1741737,1768988958,1010483553,0,0,0,0,1193366322,497036305,220349278,62872692,72135402,16854570
5,2011,982842396,469302030,1616259,4272295,241397,1061092,1915945067,1639407277,30033230,30429894,0,0,1894470927,981177505,274979096,125315973,81189982,28456946
5,2012,1099509125,602732810,2779232,7085936,1083700,3373693,2160592271,1941193062,30486686,31988579,0,0,1172572104,718856129,208131562,90368729,8336921,1697147
5,2013,806645613,521713278,5267221,5010863,895967,3487425,2727574518,2139673398,0,0,0,0,1877377694,989642769,229186376,103195085,28899887,11970575
5,2014,800520649,514755960,790979,1112696,697815,3061533,2466827643,1793363883,0,0,0,0,3090877723,1247558696,587541522,205392066,0,0
5,2015,733539581,428910293,3090000,5132228,252939,584620,1865527256,823894082,1167907,605115,0,0,1636484986,743607656,362646767,130962788,0,0
5,2016,689543499,381258287,2467491,3827347,604966,1013691,1830290353,611136394,0,0,0,0,1883560481,615031990,270515985,67688608,0,0
5,2017,1044193166,483469970,7388740,10621396,887604,1898392,1777507055,733545345,32086008,15004552,0,0,1887554616,627811188,421335225,103709824,0,0
5,2018,733746053,424695408,6785094,7909590,417101,1417364,1404740343,808951226,170992,110182,0,0,1868964380,647094953,462423594,125574812,386400,100467
5,2019,1649961272,626431211,8441645,10461407,1006437,1926558,2314782477,1246035817,42998015,23187150,0,0,2260846731,856885113,483604634,156774184,92,2450
5,2020,905961294,526650224,12780657,15558374,2592135,3782080,1462542336,367248727,60285,48932,0,0,2942968737,853603724,699945282,167415154,0,0
5,2021,698438379,513525636,12626097,16368663,3288794,5170550,2269356099,1112151848,31706491,16227095,0,0,2659104734,1034932286,602814464,210236025,0,0
6,1997,162784006,79114495,0,0,0,0,1228750877,239286032,0,0,0,0,472760638,119988705,61724419,9026192,7778009,1642625
6,1998,177669660,80472716,42618,137366,0,0,1342722759,174045760,0,0,0,0,753672517,164349294,144488489,19666068,22583050,4914937
6,1999,153404069,78842021,15876,38500,0,0,1629337071,206759463,0,0,0,0,389893623,96065890,99991616,15803252,0,0
6,2000,249436066,119221257,36243,51584,0,0,1437478762,328329412,0,0,0,0,455240594,97196954,132948013,17591905,6553941,687054
6,2001,957600054,160761584,498480,377631,0,0,1172560966,282012131,0,0,0,0,602194812,116580142,158362142,19720498,20140343,2071856
6,2002,250264633,83621591,709636,343168,0,0,985763445,186610930,20033620,3818581,503187,100185,699853510,118185350,326256574,40259549,0,0
6,2003,525097366,123305406,219562,135435,0,0,742922051,148606037,1679600,411227,1005163,205657,761662317,146141795,155346186,21263859,29504746,3400656
6,2004,1006952496,220815555,861460,1614316,213552,149340,653561354,156122075,1676411,482785,0,0,1743814999,326174133,456645761,76184787,53312818,6600916
6,2005,409094949,170879116,1630539,2450902,244585,171956,986032264,387889520,54565090,23629461,0,0,955494495,256814920,177077379,35873135,0,0
6,2006,1014885431,245895962,1851102,1448113,146802,398040,807498079,428140757,0,0,0,0,617853322,180143941,107935086,19276726,9947240,823335
6,2007,1313461376,383823387,1992044,3595410,481181,871390,1234475797,624652176,37747805,23693797,0,0,1636320623,534022479,423929850,130446268,60725848,19112898
6,2008,985106162,427283992,2412568,6272388,270965,922973,1099534483,872477323,0,0,0,0,1900022430,1365852015,424947212,295883804,69517235,42660464
6,2009,863030891,342721628,5205233,4997166,336778,1141806,826128961,350307193,0,0,0,0,1079174469,503426574,247849564,75779074,0,0
6,2010,664676897,382833363,2687601,3691656,625071,1761916,1723749853,1043495362,3604600,3202868,0,0,801563567,402805384,93099957,33379878,15219477,3731969
6,2011,775353028,496071529,3077372,6836292,651538,1613898,2095844215,1687943505,0,0,0,0,1869525974,971960567,140218760,59584698,55363577,20471800
6,2012,813909327,502951734,2047179,5856432,496804,2144081,2054412402,1741095591,0,0,0,0,1752550396,1006497977,404663927,180357307,9019274,3663335
6,2013,814058731,482296688,2412954,2049291,1038034,4509715,1181763093,980269414,94406520,89410764,0,0,2094699878,1040649327,254122329,103325503,55380068,21812344
6,2014,687256627,471709513,1062541,2092761,627897,2184224,2257186852,1732225419,123422513,117547515,0,0,1719972673,770007093,265835084,92169738,0,0
6,2015,796513604,417156924,2597879,4316299,524281,1192994,1984734670,929621744,0,0,0,0,2069811451,834994727,469260728,149631727,0,0
6,2016,639638269,377120767,5003352,6980958,511460,927979,1753737655,617565465,0,0,0,0,2329777426,715069571,328804383,80190742,0,0
6,2017,1152950251,487936460,7256489,9976482,787395,1773004,2524364048,1170379260,147505922,70743630,0,0,2855684082,898844510,523662226,128815423,0,0
6,2018,798473231,429797748,8536646,10044604,391169,960316,1676896845,954180062,2686747,1712384,0,0,2189481827,778547249,460262297,130410949,0,0
6,2019,1642127393,592957921,9580459,12309490,1066050,1870946,1466844074,824257842,48976255,30448726,0,0,2571950943,934016012,467370134,144990268,0,0
6,2020,1331771808,574329167,10555885,12525763,3121017,4127314,1599384506,411029852,59476,43155,0,0,2829607806,785777390,595128174,146452590,28,93
6,2021,802826606,521547550,11721641,15237682,2656269,4015733,2339570628,1196899962,97613039,41452500,0,0,3586713562,1344386903,858597507,310589672,0,0
7,1997,192540832,83660198,0,0,0,0,1029678933,207394351,0,0,0,0,663823043,146149775,76074700,10906839,16328500,2717805
7,1998,181838542,82001948,0,0,0,0,1887340839,214607694,0,0,0,0,752769610,177889429,154778844,25467401,298360,33715
7,1999,264002045,81865936,9672,57096,540,2670,1210567648,158778343,0,0,0,0,396898262,88112502,114972506,14900073,7150358,1476925
7,2000,220208075,114159431,17325,34650,0,0,1420198704,328216258,0,0,0,0,902426187,154410060,200913939,27039549,85213274,9976166
7,2001,1245904692,149779432,387932,311872,0,0,1690022158,358665248,0,0,0,0,1004458730,172471088,201683433,25666760,21889179,2279722
7,2002,391211438,96329552,370676,166420,0,0,1268669332,222048853,80560732,17173094,0,0,1227342257,198317605,155795603,20534632,11828201,1181258
7,2003,631438166,146870391,453726,356889,0,0,807247840,145895272,8852905,2143638,0,0,1175742918,199579632,231644766,30618509,41249469,4511110
7,2004,793354811,208257235,1456354,1821567,0,0,670750860,171372042,26524750,7370314,154876,44048,1554924267,306365236,283703671,44596139,19453007,2942378
7,2005,523170329,167636996,1985715,1931574,21529,36559,383753204,157212111,0,0,0,0,1300130820,318660836,156242787,34414058,56811867,10664034
7,2006,1258088635,303430067,1925108,1354232,361680,422473,1082704481,490924303,0,0,0,0,1142148170,282227425,176256485,38872188,0,0
7,2007,1656671737,461612288,1878237,4290125,407200,926070,1200308154,687654439,0,0,0,0,1675455169,559159259,313478515,96307540,6179181,1954227
7,2008,1130489552,491036844,1630842,6273831,395882,2051003,854946945,765990646,104854842,142087109,0,0,1860757370,1324344178,389966705,223803577,185608056,124663386
7,2009,792394967,368717926,5264447,7208056,341455,1472495,1174093493,518223771,0,0,0,0,1365472370,614636757,282899339,114480589,52915889,9449075
7,2010,888320702,436912648,4051392,5072794,720044,2329544,1810641536,974098372,0,0,0,0,1572930302,659942605,359666121,104014790,5304783,1239718
7,2011,905928483,498984072,3231443,7970230,895399,2366135,2035989586,1676438125,35297756,22813447,0,0,1935127088,1038725775,325688790,157066143,81004501,34428450
7,2012,2249253197,850855938,3300396,9202639,820634,3248754,1381699440,870220196,0,0,0,0,1508270207,845150920,305245217,133459166,36350000,17100642
7,2013,1182708983,584301535,5766068,4254571,1080910,3967710,2042396483,1400948929,0,0,0,0,1878373570,971108930,534226473,207796898,30845102,8843640
7,2014,1247707663,584691295,2224501,4004770,1018366,3713684,2339850784,1821253332,70080071,65182873,0,0,2551289960,1079719533,508380333,171913676,4986000,1726520
7,2015,1765580751,591595665,3007463,3929232,318712,702387,1877415912,821901589,0,0,0,0,2291669255,924140851,371258342,120534181,0,0
7,2016,1621244332,511936296,6370641,9502306,441223,759799,2374200407,936462430,0,0,0,0,1834919651,581117606,389846175,90677076,0,0
7,2017,2757890125,751287498,8045326,10387349,859252,1971443,2361421186,1046709550,95559925,41206672,0,0,2798441758,893075038,709988750,194610067,0,0
7,2018,1551812537,520033079,4487324,6104420,634340,2035514,2247032902,1297438454,89122989,66010967,0,0,2693078350,988571174,667303625,209089710,482100,129082
7,2019,6627898158,1469997121,9237069,10931256,1618032,2753845,3068306790,1631154645,10078783,6269649,488,8558,2855117630,1043893969,726567518,227818668,4496,40181
7,2020,4831204052,1162846696,11176127,13683812,2829510,4179253,1600380446,506366030,28929710,12481380,0,0,3532097573,941573339,648136849,141366284,0,0
7,2021,2683266424,931468520,8292228,11009925,3116961,4682460,2152891969,1161137105,28251775,19912988,0,0,3915027805,1489509605,751362175,256665979,0,0
8,1997,366198098,99823306,0,0,0,0,1606765932,260094413,0,0,0,0,765006214,161058857,160895937,21818318,18646686,4122308
8,1998,139718384,81322024,88072,158489,0,0,1049918146,125421135,0,0,0,0,742624984,143235390,187321529,27156568,20625463,3308060
8,1999,301803763,95262748,3480,7200,0,0,1400922706,211843015,0,0,0,0,616602585,123314505,94143076,13943722,13726604,1917159
8,2000,309222612,128586627,17325,34650,24000,82974,1648152523,380216830,0,0,0,0,960705344,164455210,289543909,39093314,53726651,6536383
8,2001,714883519,142147940,493890,304194,0,0,1116182592,201167126,0,0,0,0,1344619557,214228084,287288500,36699549,68720912,6649259
8,2002,616530291,117779379,545481,238616,62400,28046,829115632,168649950,2185709,444829,0,0,1079177795,172375481,237567434,29127831,11756314,998450
8,2003,819858784,162454803,559514,343521,168000,85680,692872298,148854921,0,0,2396100,810205,2138639376,145092087,176722705,20996472,1438746411,7527865
8,2004,984099582,209516706,1285563,2314037,234750,145726,753008261,202155350,0,0,0,0,1668199921,340507128,321278534,52523524,90780888,14382709
8,2005,536685460,173690092,1969224,2198162,84129,159554,1540949872,652324402,11156511,5006121,0,0,1479444992,365836511,310627893,66075882,12658777,3036330
8,2006,1228049950,288100801,26681298,5033511,300868,362097,833481712,372330177,0,0,0,0,2451902493,524368973,516473868,109702700,42961186,7624979
8,2007,2057265240,550722345,1591291,3401809,419153,1091647,1285483426,707550316,75797252,53012672,0,0,1822887281,597957505,464575077,129540083,58754347,18207917
8,2008,949776705,520348773,2377253,9599083,384398,2028758,1296205438,1231956763,84147238,100480910,0,0,1777324254,1263018578,355603811,231931036,175108726,107393978
8,2009,1050516247,384952269,5203924,6374746,642067,2131261,1385594169,585511294,63148123,36796747,0,0,1277956421,589699720,325450880,142543596,2050000,1055421
8,2010,1974306660,622830021,1789293,4922669,717939,2539109,2400733566,1290071597,10160255,6270362,0,0,1255158479,509074201,251013756,59211875,73507833,16657464
8,2011,2313568039,934423504,2591158,5275590,705633,2768638,2656826288,2156158233,0,0,0,0,2372714748,1269968658,633653533,271941322,194820224,79560329
8,2012,3452413920,1229097387,4472221,10266117,666959,2646637,1254328263,850120662,0,0,0,0,2211722153,1220744683,314914881,142096514,49554715,23110533
8,2013,3500572985,1104592178,3038459,2270980,589783,2244078,2218181474,1583702374,79612436,66381214,0,0,2508772989,1178489503,462284870,172481439,40050000,12660871
8,2014,2849703024,859303673,2968748,4367791,651608,2041747,2018802411,1440967975,0,0,0,0,2520227369,1027542727,633090699,207786360,34664477,11078380
8,2015,2699677802,757079896,2719018,4259152,703851,1323888,606366842,193213034,0,0,0,0,1383466698,618522360,332756917,111801929,0,0
8,2016,3088166745,805062976,6598225,10199665,804673,1333886,2414144969,921092654,59321041,27452367,0,0,2660640295,800684233,479663126,117427141,0,0
8,2017,5511350365,1218899360,8271570,11872307,469693,1256932,2488075352,1118697130,57683051,23070255,0,0,2874010014,947662373,482750472,120941053,2607600,692891
8,2018,3379509357,920674362,8640627,11600799,844048,2018175,2173843931,1298560673,0,0,0,0,3446763884,1193294786,641532926,186545374,576000,144585
8,2019,7965380819,1711700461,11046197,13287561,1289489,2285520,2122214859,1104189772,28626248,14360833,0,0,3276048683,1145384246,724679745,217138447,0,0
8,2020,6999357539,1481060903,16520539,20250184,2642138,3816282,1788439760,599443104,28783925,12418482,0,0,3261494489,847648206,729334809,156632759,0,0
8,2021,5015615681,1419316987,15789137,20814932,2866753,4528671,3162438568,1791462001,218789038,124303942,0,0,4382715229,1775377748,926452582,330948852,0,0
9,1997,255828489,92178681,18455,13787,0,0,1459353896,272858047,0,0,0,0,1072682963,210498902,164286402,23050770,109339223,23667719
9,1998,168591612,85404575,6270,21185,0,0,1918425166,214540163,0,0,0,0,789913128,171070152,221212158,35006916,68532800,9336241
9,1999,428795628,110430175,0,0,0,0,1518800616,266900358,0,0,0,0,656612718,132136969,194752724,28498119,38756073,3358848
9,2000,343266162,125063056,66486,147374,0,0,1228171863,314193608,0,0,0,0,1182599125,197098598,339776923,45435760,31091288,4463053
9,2001,1087465221,161414950,593276,399292,140000,183000,1161055036,232221622,0,0,0,0,1393350524,205233341,451493344,54969648,53075941,5147439
9,2002,841272358,155277585,196393,190324,322400,262390,1175958678,237479400,3589084,694502,607865,121026,1401680292,211531527,323196841,40370287,50748473,4897132
9,2003,1194755679,203305350,232737,418381,246000,260200,1161264749,261274433,0,0,0,0,1949858144,322920634,578502126,80691434,101049177,12393282
9,2004,1105375625,236950156,645461,1010775,105138,68148,857299351,248991521,0,0,0,0,2123335006,440180850,463300297,80427594,138901093,26352166
9,2005,547036786,196461111,2134214,2249062,386344,260280,765648992,319763602,0,0,0,0,1312675572,322114747,285402512,57244123,69623401,14664101
9,2006,1086394939,253328364,1676124,2353535,344124,469484,1007527146,520956188,0,0,0,0,1497441576,347836853,286913179,57195031,5043673,716455
9,2007,2114988785,558384070,1212260,2727324,299260,720075,1544240414,904123071,31502429,22336416,0,0,1442458344,502155803,414490446,125368997,39126311,12602531
9,2008,940407088,511619139,4103091,9250658,592992,2658648,1592644494,1377484046,0,0,0,0,1631838146,1322297366,450507419,323491725,52009188,36364389
9,2009,1301661105,418145571,6430039,6214224,482054,2375890,1138768499,590558264,0,0,0,0,1634828550,714933089,357424409,114651283,36398550,9498979
9,2010,2659176817,780047430,2714759,6921603,986795,3776025,2524060591,1402102809,0,0,0,0,1644018484,673471228,287632446,69941331,46771454,11340205
9,2011,2373111940,997022255,3528560,9509046,823994,3440030,2738521315,2198861708,32403480,31848192,0,0,2019639003,1176741206,434718634,203063601,105186093,48133976
9,2012,3724005701,1271799728,2580042,6330437,186825,898124,1517882289,1012360861,0,0,0,0,1853871619,977258143,444611305,197069953,42398970,18698617
9,2013,3898862137,1202777307,2290818,2709415,970069,3967520,1754759907,1293380505,12679596,7333625,0,0,2010588064,978841651,384104150,132489863,74429529,24583943
9,2014,3298111057,958654657,2703921,4828839,478481,1978505,2365497629,1836758452,0,0,0,0,2379626511,1038738373,333019828,107723705,46024071,14606515
9,2015,3720570020,927147136,2592340,3538317,351318,636500,1177092058,530589056,0,0,0,0,2274189869,891237699,354079327,105820820,19525000,4399932
9,2016,3492903128,840615466,3531916,6649872,619115,1159534,1923807398,712009067,81569664,27902123,0,0,2507659818,727434488,513035199,105950906,0,0
9,2017,6329563100,1306519985,6903012,9371291,674592,1725015,2191229637,970199460,82835693,39879357,0,0,2716745282,893064986,470426850,108792227,26570659,2090984
9,2018,3758054672,1049613288,10886935,13327671,1249368,2122926,1410798392,860121299,194740,157009,0,0,3437324879,1189409423,751100616,219663194,528000,127860
9,2019,7066944177,1504105727,13342004,15759222,1354506,2329948,2243760751,1183165078,23731797,11906792,0,0,3422253308,1160396717,628608895,175093617,0,0
9,2020,7061434541,1530718203,10773366,13616003,1843985,2719237,1933789992,652126515,34570025,13943866,0,0,3475238776,947264326,834268519,186680441,4407,33549
9,2021,3612218187,1136327562,15627346,20852091,2646731,4517928,2265255320,1255938546,178237810,113777393,0,0,4337467989,2016229051,885562150,379966270,56,214
10,1997,494240053,117250336,0,0,0,0,1527207871,294169490,21238645,9000729,0,0,1019554202,191685646,214719147,27346739,84358549,13213827
10,1998,162039475,81214576,2700,3200,0,0,1553236788,182587193,0,0,0,0,795743302,170564029,177938655,24815174,80419744,12018263
10,1999,455790799,148639842,0,0,0,0,1566022664,295743586,0,0,0,0,983772801,165893783,153002705,19001864,78018231,7736130
10,2000,341120436,133676315,86000,258210,0,0,2000620879,546457938,0,0,0,0,1610475265,249228151,372599024,49363994,92571271,13512903
10,2001,966760930,171445280,601752,501036,15000,19125,1266611015,256156455,0,0,504174,105509,1474466693,224392811,351145694,42995259,92722039,9238241
10,2002,792700509,153510162,179277,162412,290600,337776,1410575363,292152557,0,0,1524715,303571,1729906274,251776752,399970286,46572234,49497811,5552358
10,2003,1174567061,218025392,897533,651439,181000,146720,1286173756,270567761,0,0,3006649,985046,1454569637,248908737,313664425,42114638,134365080,18304701
10,2004,705790648,178109663,913712,865937,210000,134400,1358479213,468705347,0,0,0,0,1512511684,329381512,286749815,50949567,95739473,18143571
10,2005,729829326,191451846,2489295,3123642,646300,457885,624871383,260343793,0,0,0,0,1173699839,291595471,316933631,65855774,63123031,11492531
10,2006,1055307998,289177312,2513128,4023667,533450,925093,1175861776,580752803,0,0,0,0,1746859066,402568869,427879727,86283009,84968371,18410031
10,2007,2701199261,701555314,1777523,4612422,912219,2088321,771554638,386094719,0,0,0,0,1976006665,695683208,380165120,109240664,93171052,27857727
10,2008,1074796995,534253871,3975883,9879885,589461,3395299,1736963234,1408220571,0,0,0,0,1362654296,1225202520,241408661,180707143,49909716,39043374
10,2009,1496662397,484576484,5607140,5969630,354547,1242336,1370572087,663223390,0,0,0,0,1789522841,676837164,644907447,215300498,0,0
10,2010,2298252965,702859609,2448466,6839150,695687,2839521,1974819880,1185049119,1996213,2268791,0,0,2392629966,879444308,437662031,106757593,48176206,11761640
10,2011,2312843564,961771672,2437855,7989481,344857,1624500,2637767720,2168588013,30092567,27479212,0,0,1737027133,969933669,520597572,233587367,72980852,31516983
10,2012,4246093116,1426008087,2274442,5983106,436413,2133856,1753948638,1431820122,29876508,30060446,0,0,2196609494,1183740523,386171243,158129638,73197315,28625454
10,2013,4629650580,1309475118,1998154,2625396,733604,3661136,2384780477,1722985943,8876229,5144479,9041238,8446506,1956766626,937075331,497626643,169758382,32750000,10430311
10,2014,3749139161,1074434113,2411596,5589262,268165,1061308,1812520592,1205646692,0,0,0,0,2421988141,1038701303,556708498,195904844,23675897,7420844
10,2015,6203331869,1364573658,2496666,3820451,531744,940311,1310693152,574498576,0,0,0,0,2140898467,822310239,243121651,72860312,26355836,7342135
10,2016,1580856548,571287154,3775496,5715075,341738,537158,1638163457,697711652,89835913,38259712,0,0,1551496503,514097824,259306553,55849569,0,0
10,2017,5522014217,1222682727,5919135,8468471,849573,2091979,2662888981,1299744020,66525041,33574711,0,0,1853935375,614435165,302039264,71614196,336000,87157
10,2018,3685228804,1002453454,10386331,12478566,1223700,2663849,2151078890,1309040732,125784839,82068119,0,0,3232583821,1104457600,562745635,161662951,0,0
10,2019,6774522891,1444855598,9904678,12842056,1409544,2252399,2821129817,1416189637,60878231,32580735,0,0,3400131073,1125472558,791913245,220041359,0,0
10,2020,5605464757,1297961506,9249587,11502446,1325132,2422677,1911464757,666891138,25184068,10209576,0,0,3162781666,886054844,646025145,145032373,0,0
10,2021,2528168179,971291679,9846789,13475943,1825173,3587982,3180159302,2021594502,97136976,59661783,0,0,4745684125,2281577210,952345436,473828522,0,0
11,1997,272605740,96859641,0,0,0,0,1639090641,308825414,39335042,6661949,0,0,868507770,160621228,188122772,23663224,54320490,9750856
11,1998,224188668,94937981,0,0,0,0,1102730288,127204129,0,0,0,0,768946645,150176003,147568125,21295520,43764775,5276282
11,1999,430672729,118449525,0,0,0,0,1532589586,288608288,0,0,0,0,1033127544,178722868,248853679,31565487,105355224,8646483
11,2000,434907279,131373358,144553,170661,0,0,1742403058,490630668,0,0,0,0,1436870361,236632534,389918995,53016964,102864111,14197825
11,2001,1138716019,181327146,445313,408841,54000,24176,1577875109,287268533,34851248,8321992,0,0,1089366170,177567969,227607456,28680706,37189087,3864935
11,2002,778412161,161608994,609747,433638,258400,228018,1325635952,266423065,35140036,8369222,0,0,1204883558,186898198,361938342,44159930,32083030,3679991
11,2003,657859884,154763039,853367,614580,463000,449208,858612450,164486904,0,0,0,0,1648399678,281017265,455770798,67841542,113378673,15774973
11,2004,691283111,186649117,1112171,948329,50000,59500,979371273,347782402,63597304,25590202,0,0,1476346710,333577441,375828370,68828198,118060528,23481938
11,2005,650638062,203322331,1806008,1732107,895831,572937,585484830,219402296,0,0,0,0,983886785,261800200,281134499,58529865,48624963,10385063
11,2006,1153404698,289312721,1599652,3055771,619198,1073502,1032099499,484015264,0,0,0,0,1342065432,335449352,277601522,57472722,89327648,19555045
11,2007,2043448677,550704748,1928013,4379825,771406,1967635,1380657929,855343959,69523990,56107116,0,0,1502224961,536644737,499620348,147191915,182324940,55118638
11,2008,1345065193,500640837,2063617,5626537,288158,1444892,1318748851,767247236,1972706,3003275,0,0,682696834,642373790,91512171,60670821,43656527,23697158
11,2009,1617210843,509598012,1545369,3482753,582238,2441958,1037503885,562527940,0,0,0,0,1265240278,462771812,357351503,92758144,79477935,18284014
11,2010,2566357271,774580290,1849486,5522915,831051,3236898,1866363688,1215957301,30212659,20606285,0,0,2010900675,807102249,337652842,103453875,207103758,63084388
11,2011,1490143322,705420043,2233814,8146167,366175,1686579,2343350830,1869057387,41999499,27079788,0,0,1958743368,1132037087,460381176,210030500,143911107,67034045
11,2012,4526404934,1527435415,3870941,4089371,625165,2805552,2981491730,2481164829,0,0,0,0,2126469845,1107443542,500450736,199230571,146936549,53722677
11,2013,4387669374,1241330261,1518723,1882421,513633,2469205,1884044445,1417110665,57446125,53885391,0,0,2283652792,954136420,706449708,228465342,40646898,12257164
11,2014,3556310025,970530061,1472861,2769838,584328,2029952,2060048364,1535549631,0,0,0,0,2973860715,1211360764,663448957,226139095,0,0
11,2015,5396828149,1213400831,2006429,2561199,284860,487879,2275029423,991386362,0,0,0,0,1849407096,704136228,312267411,89815645,0,0
11,2016,1563704131,564424920,1945088,4494015,282934,783306,1353824390,553109767,176740375,73878105,0,0,2318733356,689804024,438854340,91518463,0,0
11,2017,3847513994,965639633,5507096,7841337,722423,1749241,1760807376,939543768,11253412,6473047,0,0,2136464901,697351725,401040726,92853448,0,0
11,2018,4227204352,1114812044,11721193,13226093,1059562,2092890,2113214265,1316811583,78655308,55339255,0,0,3585406781,1259654721,734708902,219274293,0,0
11,2019,4692259808,1115541487,6337584,7984381,1150281,2181527,2881227369,1578381621,49411630,26389194,0,0,3116671220,987163353,903634297,246068864,0,0
11,2020,5386455044,1315646278,14058645,16366269,1709862,2981327,2117810609,691093112,238939,156719,0,0,3633744825,1028227909,859634338,201556563,0,0
11,2021,3012265482,1073793292,7530400,10885842,2217319,4327330,2285165020,1504281025,503983,608247,0,0,4589890577,2314136475,1161434110,606193936,0,0
12,1997,301776419,108939997,11,108,0,0,1413472693,268914971,0,0,0,0,742628715,143293415,171424657,21764960,47196240,6153961
12,1998,100108092,86030257,0,0,0,0,1298529371,152406399,0,0,0,0,662254679,142043035,143301301,17963019,55039487,6060930
12,1999,400406483,131219767,20,1972,0,0,1741598472,324572784,0,0,250,5002,1050863676,175391723,259696963,31910631,55402369,4494912
12,2000,315661546,131905507,43520,31514,0,0,1674060240,440424571,0,0,0,0,1177604316,183282716,390193015,52421520,27823797,4318826
12,2001,1010424048,161751341,180589,149502,50000,63750,1158252784,178583878,20010934,5044869,0,0,763456864,118282048,252285938,29849285,53143966,5538816
12,2002,604147280,118543266,536980,380839,461200,431375,1075799082,234036553,796211,161449,0,0,489615662,100140908,124374147,16206886,19471148,2095080
12,2003,1365418498,229966129,783762,814381,213000,183390,504240470,121078354,0,0,0,0,1715043196,285158439,402479645,55555071,270295094,37936945
12,2004,681183236,181101781,1136577,1181202,326350,310515,907109320,292614027,0,0,0,0,1068811441,271840911,261717067,52475255,64755197,13704434
12,2005,782265525,211514728,2252910,2305045,210000,123036,563634438,221868195,0,0,0,0,1019400657,263220333,361738662,76870089,38444574,7814742
12,2006,835703311,256289990,1512623,2678086,431250,660126,897945169,419853318,0,0,0,0,916033220,250603620,373388112,77697946,4511543,1052583
12,2007,1555081518,499855893,1862600,4874405,385776,1071130,1018606481,661276181,59922498,53934268,0,0,1400036559,530158436,357189315,115915148,151773088,52515450
12,2008,1855970495,584372649,1979363,4554321,195505,1152661,732478114,387320383,3013399,4682878,0,0,480234758,432781942,126698683,64873152,10180108,4642927
12,2009,1799330869,560974253,3058212,4322342,379467,1041444,1329317451,654562731,491187,362757,0,0,715760110,321546794,248655078,61187611,3313722,778585
12,2010,2559668866,823442619,1857958,7104608,594275,2013038,1312479494,790471540,1960536,2335665,0,0,1300224331,569995730,306242469,93784190,87092303,25608540
12,2011,1411905729,675952945,1833852,4210685,769384,2906537,1888149642,1526909354,0,0,0,0,1932394421,1037438969,545541059,227821380,105716559,48170940
12,2012,3492927431,1222350646,1574523,3338595,573491,2431776,1425089507,1164293258,0,0,0,0,2452665146,1181719005,737791669,274453414,108709843,40966238
12,2013,3674271366,1146590593,989233,2051363,451204,1897601,2000772982,1593231278,78400,106550,0,0,2323794041,939725822,402879885,131318378,0,0
12,2014,4264899818,1193505129,2427981,6903281,182259,464704,2933813672,2032996371,66007577,50041685,0,0,1865004093,788318900,286469941,94929262,0,0
12,2015,6960193373,1470445628,3478985,3842252,459157,812989,1225316554,440400596,20160,15908,0,0,1856579488,671762524,263106111,76565756,0,0
12,2016,1623831002,577852918,2965869,5017066,312733,710848,1604260223,700358342,176226732,78327646,0,0,2771775740,776597610,584251588,128187556,0,0
12,2017,4401585050,1047924085,7683809,9542383,775630,2030763,2253508449,1222943902,13016588,7493484,0,0,2754677803,840592920,515400271,127421509,0,0
12,2018,4299079345,1120786684,10284656,12793310,1790816,3309192,2732815550,1680818760,15000000,10891585,0,0,3088041177,1095329600,638453944,184858424,0,0
12,2019,4907635787,1166973499,5121118,6864206,1043930,1556233,1637218601,809398286,6399845,3648505,0,0,2490808907,752608412,543990903,141688070,0,0
12,2020,5846896843,1444199899,9838618,12433868,1244599,2308072,1668241960,681577717,180978,135270,0,0,3015901502,859598011,684444176,163013790,0,0
12,2021,4807760795,1603436868,11359179,16112467,3312518,5922152,2234881912,1431001992,26178597,18454073,0,0,3279563693,1921720691,454785128,281721821,0,0
