"produtora_link","melhor_posicao","qtd_filmes_melhor_posicao","qtd_filmes","class_prod"
"Warner Bros.",1,110,283,"GRANDES PRODUTORAS"
"Universal Pictures",1,87,216,"GRANDES PRODUTORAS"
"Walt Disney Studios Motion Pictures",1,82,159,"GRANDES PRODUTORAS"
"Twentieth Century Fox",1,64,166,"GRANDES PRODUTORAS"
"Sony Pictures Entertainment (SPE)",1,55,161,"GRANDES PRODUTORAS"
"Paramount Pictures",1,49,141,"GRANDES PRODUTORAS"
"Lionsgate",1,39,195,"GRANDES PRODUTORAS"
"Screen Gems",1,17,49,"GRANDES PRODUTORAS"
"DreamWorks",1,10,19,"GRANDES PRODUTORAS"
"Focus Features",1,8,107,"GRANDES PRODUTORAS"
"TriStar Pictures",1,8,26,"GRANDES PRODUTORAS"
"IFC Films",1,7,119,"GRANDES PRODUTORAS"
"The Weinstein Company",1,6,87,"GRANDES PRODUTORAS"
"Open Road Films (II)",1,5,47,"GRANDES PRODUTORAS"
"Relativity Media",1,5,37,"GRANDES PRODUTORAS"
"STX Entertainment",1,5,37,"GRANDES PRODUTORAS"
"20th Century Studios",1,5,9,"GRANDES PRODUTORAS"
"Summit Entertainment",1,4,27,"GRANDES PRODUTORAS"
"FUNimation Entertainment",1,3,23,"GRANDES PRODUTORAS"
"Fathom Events",1,2,307,"GRANDES PRODUTORAS"
"Fox Searchlight Pictures",1,2,89,"GRANDES PRODUTORAS"
"CBS Films",1,2,21,"GRANDES PRODUTORAS"
"United Artists Releasing",1,2,15,"GRANDES PRODUTORAS"
"Metro-Goldwyn-Mayer (MGM)",1,2,9,"GRANDES PRODUTORAS"
"-",1,1,165,"GRANDES PRODUTORAS"
"FilmDistrict",1,1,14,"GRANDES PRODUTORAS"
"Overture Films",1,1,13,"GRANDES PRODUTORAS"
"Broad Green Pictures",1,1,9,"GRANDES PRODUTORAS"
"EuropaCorp",1,1,5,"GRANDES PRODUTORAS"
"101 Studios",1,1,4,"PEQUENA PRODUTORAS - TOP 5"
"Zeitgeist Films",1,1,3,"PEQUENA PRODUTORAS - TOP 5"
"RLJE Films",1,1,2,"PEQUENA PRODUTORAS - TOP 5"
"Quiver Distribution",1,1,2,"PEQUENA PRODUTORAS - TOP 5"
"Universal Home Video",1,1,1,"PEQUENA PRODUTORAS - TOP 5"
"Global View Entertainment",1,1,1,"PEQUENA PRODUTORAS - TOP 5"
"Solstice Studios",1,1,1,"PEQUENA PRODUTORAS - TOP 5"
"Vertical Entertainment",2,4,42,"GRANDES PRODUTORAS"
"A24",2,3,62,"GRANDES PRODUTORAS"
"Neon",2,2,46,"GRANDES PRODUTORAS"
"Pantelion Films",2,2,17,"GRANDES PRODUTORAS"
"Roadside Attractions",2,1,128,"GRANDES PRODUTORAS"
"GKIDS",2,1,49,"GRANDES PRODUTORAS"
"Indican Pictures",2,1,37,"GRANDES PRODUTORAS"
"Entertainment Studios Motion Pictures",2,1,10,"GRANDES PRODUTORAS"
"Trafalgar Releasing",2,1,6,"GRANDES PRODUTORAS"
"Rocky Mountain Pictures",2,1,5,"GRANDES PRODUTORAS"
"Great India Films",2,1,3,"PEQUENA PRODUTORAS - TOP 5"
"3DLive AXO",2,1,1,"PEQUENA PRODUTORAS - TOP 5"
"Cloudburst Entertainment",2,1,1,"PEQUENA PRODUTORAS - TOP 5"
"Freestyle Releasing",3,1,79,"GRANDES PRODUTORAS"
"Bleecker Street Media",3,1,48,"GRANDES PRODUTORAS"
"Yash Raj Films",3,1,22,"GRANDES PRODUTORAS"
"Searchlight Pictures",3,1,9,"GRANDES PRODUTORAS"
"ArtAffects Entertainment",3,1,8,"GRANDES PRODUTORAS"
"Stage 6 Films",3,1,6,"GRANDES PRODUTORAS"
"Affirm Films",3,1,5,"GRANDES PRODUTORAS"
"Aviron Pictures",3,1,5,"GRANDES PRODUTORAS"
"Screen Media Films",3,1,3,"PEQUENA PRODUTORAS - TOP 5"
"Saban Films",3,1,3,"PEQUENA PRODUTORAS - TOP 5"
"United Artists",3,1,2,"PEQUENA PRODUTORAS - TOP 5"
"New Line Cinema",3,1,1,"PEQUENA PRODUTORAS - TOP 5"
"Pure Flix Entertainment",4,2,14,"GRANDES PRODUTORAS"
"Studio 8",4,2,2,"PEQUENA PRODUTORAS - TOP 5"
"BH Tilt",4,1,10,"GRANDES PRODUTORAS"
"Eleven Arts",4,1,6,"GRANDES PRODUTORAS"
"Orion Pictures",4,1,4,"PEQUENA PRODUTORAS - TOP 5"
"Pryor Entertainment",4,1,1,"PEQUENA PRODUTORAS - TOP 5"
"Paramount Vantage",5,2,11,"PEQUENA PRODUTORA"
"FIP",5,1,37,"PEQUENA PRODUTORA"
"RADiUS-TWC",5,1,21,"PEQUENA PRODUTORA"
"Reliance Entertainment",5,1,3,"PEQUENA PRODUTORA"
"Flyhigh Cinemas",5,1,1,"PEQUENA PRODUTORA"
"Thinking Man Films",5,1,1,"PEQUENA PRODUTORA"
"Big Bull Productions",5,1,1,"PEQUENA PRODUTORA"
"Sony Pictures Classics",6,2,41,"PEQUENA PRODUTORA"
"Miramax",6,2,10,"PEQUENA PRODUTORA"
"Gravitas Ventures",6,2,9,"PEQUENA PRODUTORA"
"Annapurna Pictures",6,2,8,"PEQUENA PRODUTORA"
"Atlas Distribution Company",6,1,19,"PEQUENA PRODUTORA"
"The Samuel Goldwyn Company",6,1,17,"PEQUENA PRODUTORA"
"Abramorama",6,1,11,"PEQUENA PRODUTORA"
"CMC Pictures",6,1,11,"PEQUENA PRODUTORA"
"IMAX",6,1,6,"PEQUENA PRODUTORA"
"Faith Media Distribution",6,1,4,"PEQUENA PRODUTORA"
"Screenvision",6,1,2,"PEQUENA PRODUTORA"
"Phantom Mentor Digital",6,1,1,"PEQUENA PRODUTORA"
"Clarius Entertainment",7,2,4,"PEQUENA PRODUTORA"
"UTV Motion Pictures",7,1,70,"PEQUENA PRODUTORA"
"Purdie Distribution",7,1,14,"PEQUENA PRODUTORA"
"Viva Pictures",7,1,9,"PEQUENA PRODUTORA"
"Excel Entertainment",7,1,5,"PEQUENA PRODUTORA"
"truTV",7,1,1,"PEQUENA PRODUTORA"
"GathrFilms",8,1,24,"PEQUENA PRODUTORA"
"Amazon Studios",8,1,16,"PEQUENA PRODUTORA"
"Blue Fox Entertainment",8,1,7,"PEQUENA PRODUTORA"
"Electric Entertainment",8,1,3,"PEQUENA PRODUTORA"
"National Geographic Entertainment",8,1,2,"PEQUENA PRODUTORA"
"LifeWay Films",8,1,1,"PEQUENA PRODUTORA"
"Eros Worldwide",9,2,10,"PEQUENA PRODUTORA"
"Blue Sky Cinema",9,2,3,"PEQUENA PRODUTORA"
"Magnolia Pictures",9,1,30,"PEQUENA PRODUTORA"
"Greenwich Entertainment",9,1,21,"PEQUENA PRODUTORA"
"GVN Releasing",9,1,5,"PEQUENA PRODUTORA"
"Arc Entertainment",9,1,3,"PEQUENA PRODUTORA"
"Reliance Big Pictures",10,2,23,"PEQUENA PRODUTORA"
"Apparition",10,1,6,"PEQUENA PRODUTORA"
"Vivendi Entertainment",10,1,4,"PEQUENA PRODUTORA"
"Codeblack Entertainment",10,1,3,"PEQUENA PRODUTORA"
"LD Entertainment",10,1,3,"PEQUENA PRODUTORA"
"N/A",11,2,11,"PEQUENA PRODUTORA"
"Oscilloscope",11,1,12,"PEQUENA PRODUTORA"
"Music Box Films",11,1,5,"PEQUENA PRODUTORA"
"Cinelou Films",11,1,2,"PEQUENA PRODUTORA"
"Picturehouse",11,1,1,"PEQUENA PRODUTORA"
"LAMA Distribution",11,1,1,"PEQUENA PRODUTORA"
"Tugg",11,1,1,"PEQUENA PRODUTORA"
"Entertainment One",12,1,46,"PEQUENA PRODUTORA"
"Millennium Entertainment",12,1,3,"PEQUENA PRODUTORA"
"Zee Studios",12,1,1,"PEQUENA PRODUTORA"
"Gunpowder & Sky",12,1,1,"PEQUENA PRODUTORA"
"Quaker Media",12,1,1,"PEQUENA PRODUTORA"
"Aascar Film",12,1,1,"PEQUENA PRODUTORA"
"Anchor Bay Films",13,1,48,"PEQUENA PRODUTORA"
"Cohen Media Group",13,1,45,"PEQUENA PRODUTORA"
"The Orchard",13,1,42,"PEQUENA PRODUTORA"
"Rogue Pictures",13,1,1,"PEQUENA PRODUTORA"
"The H Collective",13,1,1,"PEQUENA PRODUTORA"
"High Top Releasing",14,1,7,"PEQUENA PRODUTORA"
"Newmarket Films",14,1,1,"PEQUENA PRODUTORA"
"Alchemy",15,1,6,"PEQUENA PRODUTORA"
"Entertainment Squad",15,1,1,"PEQUENA PRODUTORA"
"Utopia",15,1,1,"PEQUENA PRODUTORA"
"Spanglish Movies",16,1,2,"PEQUENA PRODUTORA"
"Visio Entertainment",16,1,1,"PEQUENA PRODUTORA"
"Yari Film Group Releasing",16,1,1,"PEQUENA PRODUTORA"
"K Street Pictures",16,1,1,"PEQUENA PRODUTORA"
"Sony Pictures Releasing",16,1,1,"PEQUENA PRODUTORA"
"Madman Entertainment",16,1,1,"PEQUENA PRODUTORA"
"Well Go USA Entertainment",17,2,26,"PEQUENA PRODUTORA"
"Janus Films",17,1,10,"PEQUENA PRODUTORA"
"Super LTD",17,1,2,"PEQUENA PRODUTORA"
"Hammond Entertainment",17,1,1,"PEQUENA PRODUTORA"
"Kenn Viselman Presents",17,1,1,"PEQUENA PRODUTORA"
"Rialto Pictures",18,1,73,"PEQUENA PRODUTORA"
"Hannover House",18,1,15,"PEQUENA PRODUTORA"
"Passion River Films",18,1,2,"PEQUENA PRODUTORA"
"Full Circle Releasing",18,1,1,"PEQUENA PRODUTORA"
"Sumerian Films",18,1,1,"PEQUENA PRODUTORA"
"54&O Productions",18,1,1,"PEQUENA PRODUTORA"
"Senator Distribution",18,1,1,"PEQUENA PRODUTORA"
"Kino Lorber",19,1,19,"PEQUENA PRODUTORA"
"Focus World",19,1,17,"PEQUENA PRODUTORA"
"Studio 18",19,1,2,"PEQUENA PRODUTORA"
"Rialto Distribution",19,1,2,"PEQUENA PRODUTORA"
"Safier Entertainment",19,1,1,"PEQUENA PRODUTORA"
"Vision Films",19,1,1,"PEQUENA PRODUTORA"
"Shout! Factory",20,2,2,"PEQUENA PRODUTORA"
"Ten Furlongs",20,1,1,"PEQUENA PRODUTORA"
"Variance Films",20,1,1,"PEQUENA PRODUTORA"
"Parallel Media",20,1,1,"PEQUENA PRODUTORA"
"SModcast Pictures",20,1,1,"PEQUENA PRODUTORA"
"Not That Kind of Movie Productions",20,1,1,"PEQUENA PRODUTORA"
"Integrity Releasing",21,1,2,"PEQUENA PRODUTORA"
"Newcity",21,1,2,"PEQUENA PRODUTORA"
"Nova Vento Entertainment",21,1,1,"PEQUENA PRODUTORA"
"Deskpop Entertainment",21,1,1,"PEQUENA PRODUTORA"
"Arenas Entertainment",21,1,1,"PEQUENA PRODUTORA"
"Adlabs Films",22,1,7,"PEQUENA PRODUTORA"
"After Dark Films",22,1,1,"PEQUENA PRODUTORA"
"Dada Films",23,1,5,"PEQUENA PRODUTORA"
"Capelight Pictures",23,1,2,"PEQUENA PRODUTORA"
"The Ashton Times",23,1,2,"PEQUENA PRODUTORA"
"Triumph Releasing Corporation",23,1,1,"PEQUENA PRODUTORA"
"Forewarned",24,1,1,"PEQUENA PRODUTORA"
"Ketchup Entertainment",25,1,5,"PEQUENA PRODUTORA"
"American Zoetrope",25,1,1,"PEQUENA PRODUTORA"
"JBG Pictures",25,1,1,"PEQUENA PRODUTORA"
"Shorts International",25,1,1,"PEQUENA PRODUTORA"
"1091 Pictures",26,2,4,"PEQUENA PRODUTORA"
"Five & Two Pictures",26,1,2,"PEQUENA PRODUTORA"
"Sunrayz International Films",26,1,1,"PEQUENA PRODUTORA"
"Argot Pictures",27,1,28,"PEQUENA PRODUTORA"
"China Lion Film Distribution",27,1,8,"PEQUENA PRODUTORA"
"XLrator Media",27,1,1,"PEQUENA PRODUTORA"
"CineLife Entertainment",27,1,1,"PEQUENA PRODUTORA"
"Film Collective",29,1,2,"PEQUENA PRODUTORA"
"BBC Worldwide North America",29,1,2,"PEQUENA PRODUTORA"
"Providence Film Partners",29,1,2,"PEQUENA PRODUTORA"
"Kicking + Screening Media Group",29,1,1,"PEQUENA PRODUTORA"
"Tulip Pictures",29,1,1,"PEQUENA PRODUTORA"
"Strand Releasing",30,1,13,"PEQUENA PRODUTORA"
"Image Entertainment",30,1,12,"PEQUENA PRODUTORA"
"Cinedigm Entertainment Group",30,1,2,"PEQUENA PRODUTORA"
"Citadel Film Group",30,1,1,"PEQUENA PRODUTORA"
"The Film Arcade",31,2,14,"PEQUENA PRODUTORA"
"7-57 Releasing",31,1,1,"PEQUENA PRODUTORA"
"Icarus Films",32,1,41,"PEQUENA PRODUTORA"
"CJ Entertainment",32,1,3,"PEQUENA PRODUTORA"
"Third Rail Releasing",32,1,2,"PEQUENA PRODUTORA"
"Monterey Media",32,1,2,"PEQUENA PRODUTORA"
"21st Century Film Production",32,1,1,"PEQUENA PRODUTORA"
"Good Deed Entertainment",33,1,3,"PEQUENA PRODUTORA"
"Elephant Eye Films",33,1,1,"PEQUENA PRODUTORA"
"Conglomerate Media",33,1,1,"PEQUENA PRODUTORA"
"Lightyear Entertainment",34,1,5,"PEQUENA PRODUTORA"
"CanZion Films",34,1,3,"PEQUENA PRODUTORA"
"Cinema Libre Studio",34,1,2,"PEQUENA PRODUTORA"
"Balcony Releasing",34,1,2,"PEQUENA PRODUTORA"
"Palisades Tartan",34,1,2,"PEQUENA PRODUTORA"
"Dreamwest Pictures",34,1,1,"PEQUENA PRODUTORA"
"Lorber Films",34,1,1,"PEQUENA PRODUTORA"
"Wonder Vision",34,1,1,"PEQUENA PRODUTORA"
"Matson Films",35,1,8,"PEQUENA PRODUTORA"
"Dutchmen Films",35,1,1,"PEQUENA PRODUTORA"
"Transatlantic",35,1,1,"PEQUENA PRODUTORA"
"Film Movement",36,1,13,"PEQUENA PRODUTORA"
"Gabriel's Messenger Films",36,1,1,"PEQUENA PRODUTORA"
"Motion Film Group",36,1,1,"PEQUENA PRODUTORA"
"Truly Indie",37,1,2,"PEQUENA PRODUTORA"
"Long Shot Factory",37,1,1,"PEQUENA PRODUTORA"
"Wolfe Releasing",37,1,1,"PEQUENA PRODUTORA"
"Cinipix",37,1,1,"PEQUENA PRODUTORA"
"Milestone",37,1,1,"PEQUENA PRODUTORA"
"Under The Milky Way",38,2,6,"PEQUENA PRODUTORA"
"The Cinema Guild",38,1,23,"PEQUENA PRODUTORA"
"The Film Collaborative",38,1,6,"PEQUENA PRODUTORA"
"Striped Entertainment",38,1,4,"PEQUENA PRODUTORA"
"Outsider Pictures",38,1,2,"PEQUENA PRODUTORA"
"Mitropoulos Films",38,1,2,"PEQUENA PRODUTORA"
"Metrograph Pictures",38,1,1,"PEQUENA PRODUTORA"
"Embrem Entertainment",39,2,2,"PEQUENA PRODUTORA"
"Distrib Films",39,1,4,"PEQUENA PRODUTORA"
"Phase 4 Films",39,1,3,"PEQUENA PRODUTORA"
"Fair Trade Pictures",39,1,1,"PEQUENA PRODUTORA"
"Moving Visions Entertainment",39,1,1,"PEQUENA PRODUTORA"
"Roebuck Media",39,1,1,"PEQUENA PRODUTORA"
"Shadow Distribution",39,1,1,"PEQUENA PRODUTORA"
"TriCoast Worldwide",39,1,1,"PEQUENA PRODUTORA"
"First Run",40,1,5,"PEQUENA PRODUTORA"
"Reel One Entertainment",40,1,2,"PEQUENA PRODUTORA"
"Tostie Productions",40,1,1,"PEQUENA PRODUTORA"
"Gigapix Releasing",40,1,1,"PEQUENA PRODUTORA"
"Grasshopper Film",41,1,3,"PEQUENA PRODUTORA"
"MPI Media Group",41,1,2,"PEQUENA PRODUTORA"
"FilmDemic",41,1,1,"PEQUENA PRODUTORA"
"Linn Productions",41,1,1,"PEQUENA PRODUTORA"
"Cinema Purgatorio",42,1,4,"PEQUENA PRODUTORA"
"The Film Desk",42,1,4,"PEQUENA PRODUTORA"
"Corinth Films",42,1,2,"PEQUENA PRODUTORA"
"ATO Pictures",42,1,1,"PEQUENA PRODUTORA"
"Maya Entertainment",42,1,1,"PEQUENA PRODUTORA"
"Rockstone Releasing",42,1,1,"PEQUENA PRODUTORA"
"25th Frame",42,1,1,"PEQUENA PRODUTORA"
"Menemsha Films",43,1,3,"PEQUENA PRODUTORA"
"Drafthouse Films",43,1,3,"PEQUENA PRODUTORA"
"Breaking Glass Pictures",43,1,2,"PEQUENA PRODUTORA"
"Arrow Films",43,1,1,"PEQUENA PRODUTORA"
"Mongrel Media",44,1,2,"PEQUENA PRODUTORA"
"Rumur Releasing",44,1,1,"PEQUENA PRODUTORA"
"Mypheduh Films",44,1,1,"PEQUENA PRODUTORA"
"Driving With Our Eyes Shut",45,1,4,"PEQUENA PRODUTORA"
"Gaumont British Picture Corporation",45,1,1,"PEQUENA PRODUTORA"
"Reactor 88 Studios",45,1,1,"PEQUENA PRODUTORA"
"Sumbadhat Productions",45,1,1,"PEQUENA PRODUTORA"
"Red Dirt Pictures",45,1,1,"PEQUENA PRODUTORA"
"Datari Turner Productions",46,1,1,"PEQUENA PRODUTORA"
"Cortelyou Films",46,1,1,"PEQUENA PRODUTORA"
"Parade Deck Films",47,1,2,"PEQUENA PRODUTORA"
"Synergetic Distribution",47,1,1,"PEQUENA PRODUTORA"
"Round Hill Media",47,1,1,"PEQUENA PRODUTORA"
"MarVista Entertainment",48,1,1,"PEQUENA PRODUTORA"
"FilmRise",49,1,10,"PEQUENA PRODUTORA"
"Aliquot Films",49,1,1,"PEQUENA PRODUTORA"
"SingularDTV",49,1,1,"PEQUENA PRODUTORA"
"Mr. Pictures",49,1,1,"PEQUENA PRODUTORA"
"Scarlet Sky Productions",50,1,1,"PEQUENA PRODUTORA"
"Pro-Motion Pictures",50,1,1,"PEQUENA PRODUTORA"
"Fox Trail Productions",51,1,1,"PEQUENA PRODUTORA"
"Amplify",58,1,1,"PEQUENA PRODUTORA"
"International Film Circuit",66,1,1,"PEQUENA PRODUTORA"
"CFI Releasing",66,1,1,"PEQUENA PRODUTORA"
"PBS Distribution",77,1,1,"PEQUENA PRODUTORA"
"Vitagraph Films",85,1,1,"PEQUENA PRODUTORA"
"Paladin",92,1,1,"PEQUENA PRODUTORA"
"Big World Pictures",97,1,1,"PEQUENA PRODUTORA"
"Artsploitation Films",101,1,1,"PEQUENA PRODUTORA"
